word,nos
opstelling,3
c&a,1
studiezaal,2
daarboven,1
kredietaanvraag,1
rechtbank,6
arends,3
stroomversnelling,1
meestal,1
belemmering,1
tent,8
buitenspel,2
grens,2
taai,1
bijhouden,2
doelstelling,1
stikstofruimte,2
diep,1
telefoongegeven,2
daarbij,4
gorinchem,1
bolsonaro,8
persbureau,2
coronapatiënt,9
aanbieden,2
stressen,1
groot,21
ergens,1
voormalig,2
zitten,19
kloppen,1
begrip,1
zichtbaar,2
bijpraten,1
spontaan,2
ramp,2
fashion,1
kozijn,1
explosie,2
bang,3
kant,5
benauwd,2
opmars,1
mh17,5
daarnaast,4
david,1
bekijk,1
2020,1
kruid,1
balkon,1
graadmeter,1
week,24
ic-patiënt,1
26-jarige,1
ziekenhuisopname,14
park,6
handhaven,1
epidemiologie,1
arend,1
twintig,1
fixeren,1
ingrijpen,2
kwijtraken,1
modemagazine,1
bedden,1
oplossing,5
omroep,2
februari,4
luister,1
stoel,3
eesveen,2
bedrijfsleven,1
per,13
bedenk,1
zien,27
horeca,1
lading,2
voorlichting,2
streng,5
sigaret,2
werknemer,1
dwingen,2
voorzorg,1
mogelijkheid,3
houden,21
gaswinning,2
waarschuwingsschot,1
schade,3
zwaar,13
wijzigen,1
boekel,1
hoorzitting,1
14,1
wassen,5
prins,3
gewond,2
bedrijf,13
hongerwinter,1
toekeren,1
arm,1
uur,4
afgrendeling,2
tussentijds,2
commissie,5
medeverdachte,2
vaart,1
vergisten,1
15.000,1
bieden,5
land,36
iemands,1
mee,6
waarnemer,1
stikstof,2
dood,7
vakantiepark,1
washington,1
zorgpersoneel,1
beweging,1
portemonnee,1
who,1
beroepsbevolking,1
heijn,1
september,2
11.000,1
klikken,1
overlijden,15
fms,1
daaraan,1
elkaar,12
generatie,1
2000,1
luisteren,1
strijd,2
sturen,3
pensioen,1
taliban-regime,1
laag,1
vijf,4
meekrijgen,1
parlement,7
kampen,1
eer,1
openbaar,8
bereiden,1
bezwijken,1
traag,3
rivm,16
75,1
voordeur,1
relatie,1
daarbuit,1
b.,11
specialiseren,1
wereldwijd,1
concurreren,2
bepalen,3
vertegenwoordigen,1
"0,2",1
theater,1
immers,1
zwak,2
protocol,1
overzicht,2
schieten,1
soforthilfe,2
deelnemer,1
peuk,1
begin,5
huitema,1
ruiken,4
zuiderkerk,1
idee,6
internationaal,3
beschikbaar,5
beïnvloeding,1
ding,1
weigeren,1
lief,2
voegen,2
miljoen,5
klagen,1
politieagent,2
nederlander,1
jaar,35
tatler,1
voorarrest,4
geduld,1
interessant,1
basketbalring,1
medicus,1
machete-aanval,1
daarvan,2
vanochtend,5
fysiotherapie,1
woede,1
mei,4
extra,2
financierder,1
lip,1
garantie,1
grün,1
speelplaats,2
stellen,12
selecteren,2
tassen,1
stabilisatiemechanisme,1
ervaren,1
staat,7
urk,3
zinloos,1
stad,9
sprake,1
kwetsbaarheid,1
publiekelijk,1
marengo-proce,1
kievit,1
aanloop,1
agressief,1
2014,1
adviser,1
wachten,5
overheid,9
wisselend,1
hakken,1
meidag,1
overleving,1
thuiswerk,1
gaswinningslocatie,1
brief,11
uiteindelijk,2
toestaan,1
lastig,2
genoeg,7
afsluiten,1
hetzelfde,1
bekijken,1
immuun,1
beseffen,1
voorzien,1
docent,4
proformazitting,1
vinden,20
xl,4
freedom,1
gelden,3
data,1
ruzie,2
frankrijk,1
royal,1
fulltime,1
bekend,6
aanpassen,1
proef,2
concluderen,3
braziliaans,1
vs,3
traceren,1
aftrekken,1
reuters,2
á,1
miljard,5
verkopen,3
circus,1
lachen,1
huisartsen,1
israëlisch,2
federatie,1
doorgeven,5
verpleegkundig,1
component,1
2016,1
tegelijkertijd,1
woordkeus,1
universiteit,3
carnaval,1
schuld,1
direct,2
virus,16
nuttig,1
maken,37
bijeenkomst,1
stedentrip,1
lat,1
capitulatie,2
foto,1
cambodja,1
slecht,2
sluiting,1
boorput,1
corona-brandhaard,1
afremmen,1
toegang,2
villari,3
journalist,1
ontslaan,1
toenemen,5
noodzakelijk,5
kabinet,18
vi,12
schiphol,2
autoriteit,1
uniek,2
doorheen,1
voorrang,1
amsterdammer,1
tekstbericht,1
openen,1
deskundig,1
hoofd,3
indicatie,2
aanleg,2
vanmorgen,2
gezinslid,1
overledene,1
noord-holland,2
waarmee,2
opsluiten,1
schuldig,1
staan,24
hulpgoederen,1
provinciebestuur,1
eigenaar,2
regeling,1
ligtijd,1
procent,4
winkelvastgoedonderneming,1
model,3
echtpaar,1
risico,5
bourj,1
eventueel,1
lezen,1
vijfti,1
stikstofmaatregeel,1
instrumenteel,1
gelijkwaardigheid,1
meerdere,2
luchtlanding,1
richtlijn,1
opiniepeiling,1
patiëntenspreiding,1
doel,2
app,9
werpen,1
groei,2
kroonprins,1
wetenschapper,2
merken,1
juli,1
2001,1
team,3
lukken,4
19,3
107,1
toepassen,1
vn,1
licht,1
deelname,1
rinda,2
economisch,1
verdienen,1
2023,1
demonstratief,1
publiceren,1
moe,1
qua,1
populatie,1
vuurwapen,1
offer,1
zoiets,1
denkbaar,1
westerbeke,3
bezighouden,1
noord-amerika,1
ministerie,7
rijk,2
bekritiseren,1
wagoh,2
mengen,1
product,1
twitter,2
opdrachtgever,1
provincie,11
schrappen,2
geduldig,1
vermeend,1
verbazing,1
óf,1
onderscheiding,4
200.000,1
filiaal,1
huis,7
oogsten,1
doorwerk,1
radio,2
sussen,1
benoemen,1
stadsbestuur,2
100,1
4400,1
waardoor,6
medewerker,2
relativeren,1
verkoopverbod,1
ongeloofwaardig,1
verleiding,1
telecomdata,1
streefcijfer,1
afscheid,1
peel,2
inkomst,1
bijkomen,1
auto,6
pvda,1
inktzwart,1
melkveehouder,1
verblijven,1
potentieel,1
uitgaan,4
niet-essentieel,1
afghaans,3
suriname,1
vrije,1
capaciteit,3
privacy,6
relativer,1
starten,3
uitroepen,1
thuis,12
gerel,2
beheren,1
betreuren,1
setting,1
houwing,1
vanachter,1
allemaal,6
vermijden,1
weerhouden,1
banenverlies,1
schutter,1
eenmanszaak,1
stempel,1
kamer,14
speciaal,2
pijn,2
joden,1
300.000,1
leren,3
biodiversiteit,1
3000,1
optreden,1
regering,6
noodgeval,1
ggd',2
idrissi,5
thuisblijfmaatregeel,1
aanklager,1
capital,1
solidariteit,3
waarvan,3
ontsmettingsmiddel,1
30.000,1
terugroepen,1
9,1
lumc,1
milieucommissie,1
levensgevaar,1
beademingsapparatuur,1
gratis,1
bui,1
tweepersoonskamer,1
beademen,1
dokter,1
spotter,1
aanvaardbaar,2
zomaar,2
subsidie,4
seizoen,1
jeugdjournaal,1
bonten,2
400,1
machete,1
waardering,1
teken,1
brits,5
begeleiden,1
gebrek,3
auschwitz,1
terecht,1
penicilline,1
keuze,2
alledag,1
argument,1
r0,1
verenso,1
land-,1
patiënt,29
wc-papi,1
steek,1
schatting,1
verkiezing,1
sport,1
po-raad,1
verband,2
nadenken,1
gevangenenruil,2
gooien,1
appartement,1
tragedie,2
naleven,1
ruimte,2
teleurstellen,1
coronabonds,1
nadrukkelijk,1
verontwaardigen,1
tegenhoud,1
40,2
verhuizen,1
dollar,1
winnen,1
noordwestenwind,1
werkelijkheid,1
damascus,1
tillift,1
oppakken,1
concern,4
stomverbaasd,1
zender,1
winkelbedrijf,2
ontvluchten,1
geliefd,1
leveren,2
tulpenbol,1
eu,1
onderzoek,7
2006,1
slaan,4
speculeren,1
wapenopslagplaats,1
bijsturen,1
gerust,1
marcel,2
euro,14
inderdaad,2
2007,1
benadrukken,7
voorkomen,3
1-aprilgrappen,1
moordplan,1
streek,1
voedseldropping,1
syrië,1
china,2
722,1
station,3
schakelen,1
duits,6
bodemdaling,2
voorwaarde,4
hoofdofficier,3
mastenbroek,1
ondervragen,1
roepen,6
coördinatie,1
al.,1
overdragen,1
brasilia,1
gezondheidsprobleem,1
traditie,1
krant,1
massaal,1
besluit,7
jegen,3
ontlading,1
tweewekelijks,1
bericht,2
opdoen,1
aanmerken,1
bevestigen,2
expliciet,1
regio,1
online-bijeenkomsten,1
oorlogstijd,1
werkzaamheid,1
tulip,1
vroeger,1
nee,1
mariam,1
democratie,1
plannen,1
vereniging,5
site,2
weghalen,1
acht,1
prominent,1
informatie,2
twaalf,1
nies,1
1191,2
martijn,1
niemand,3
buurtbewoner,1
frans,4
herkennen,2
belgië,1
helpen,10
neerzett,1
beschermen,3
compliment,1
samen,5
noordeloos,2
spanjaarden,1
nos-redacteur,1
stoet,1
nationaal,2
blog,1
no,1
standaardverpakking,1
social,1
nou,1
verbinden,1
coronacrisi,18
judith,1
moederbedrijf,2
koningshuis,2
centrum,3
beeld,1
helemaal,5
bioscoop,1
voorziening,1
bevinden,1
meenemen,1
21.00,1
angst,3
70,1
d.,2
voedselvoorziening,1
eenmalig,2
achteren,1
erover,1
schout,3
vele,1
wattedoeninberlijn.nl,1
angela,1
marie,1
specifiek,1
alternatief,1
volk,1
vormen,1
john,1
stijgen,6
halen,3
zuiden,1
populair,1
erasmus,1
daarvoor,2
laptop,4
aantal,36
vredesakkoord,1
ontraden,1
verzetten,1
onbuigzaam,1
kroongetuig,1
uitvoeren,4
feno,2
daas,1
afvlakken,1
zaken,2
leerkracht,2
spd,1
vanzelfsprekend,1
oxfam,1
maart,9
weekeinde,1
versterken,1
bevoegdheid,1
maatregel,23
wantrouwig,1
verrassen,1
schenken,1
ouderengeneeskunde,1
escher,1
donderdag,1
reizen,1
reden,7
dwangarbeider,1
nemen,24
instituut,1
contactpersoon,1
aanbreken,1
handelswijze,1
veranderen,1
badderen,1
intact,1
lidstaat,1
vrachtwagen,1
juist,3
sommigen,2
447,1
veteranen,1
aanwijzing,1
jonge,2
denken,14
besluiten,3
stoffig,1
meewerken,1
breed,1
rtv,2
soort,4
psychologiedocent,1
weten,10
kamerdebat,1
groep,7
maatschappij,1
man,15
erg,7
grieks,1
stampen,1
aankomen,1
armoede,1
registreren,1
systeem,1
instelling,1
contact,6
verantwoordelijk,1
socialist,1
care,3
2500,1
aanwezig,3
instagram-account,1
bouw,1
neerschieten,1
bevolking,4
aanpakken,1
regel,5
psychologie,1
stadsrondleidingen,1
verdachte,4
fijn,3
locatiegegeven,1
verpleeghuis,1
hoofdluiscontrole,1
neerhalen,2
straks,1
middelbaar,2
contactbeperking,1
youtube-account,1
duitsers,1
westerveld,1
harry,7
bündni,1
ontdekken,1
rookruimte,1
fd,1
openstaan,1
fokke&sukk,1
afspraak,1
oproep,2
nauw,2
beiroet,1
draaien,3
1926,1
bevriezen,2
totaal,7
toestand,1
ziek,2
vergroten,1
mededelen,1
2011,1
veel,3
vermelden,1
informeren,1
grappig,1
zakken,2
focus,1
rechts,1
intimideren,1
zweden,1
televisieprogramma,1
bitter,1
gommers,4
locatiedata,1
marion,1
meneer,1
brengen,8
inspelen,2
televisieverbinding,1
beoordelingsgesprek,1
interview,3
expert,2
bewonderen,1
vol,2
leids,1
burgers,2
steenwijkerland,1
case,1
verzet,1
overal,1
godfroid,1
prettig,1
saamhorigheid,1
programma,1
oost,2
shahid,1
horst,5
gesprek,11
ervan,2
uitspraak,1
parket,2
vrouwenorganisatie,1
anderhalf,4
winkelketen,4
vertegenwoordiger,1
voltooien,1
onzekerheidsmarge,1
groeien,3
28-jarige,1
getuige,2
ontmoedigen,2
kijken,12
ziektedag,1
financiën,2
agent,3
3,2
kern,1
175,1
ties,1
kritisch,3
vliegramp,1
vaak,4
arts,5
hulpverlener,1
huiswerkbegeleiding,2
bedreigen,1
charismatisch,1
failliet,1
opofferen,1
grafiek,1
state,3
york,7
verschillend,9
maker,1
camping,2
taghi,5
rug,1
fred,2
volwaardig,1
se,1
toon,2
getal,4
bureaucratie,1
rivm-woordvoerder,1
vals,1
leeftijd,4
gisteravond,4
richting,3
dividend,1
huurder,5
paasweekeinen,1
projectie,1
wendela,1
frontlinie,1
gras,2
ziekenhuiscijfer,1
augustus,2
moordenaar,1
vrijlating,1
langjarig,1
verdenken,9
voorspellen,1
verstandig,1
eschermuseum,3
liquidatie,6
specialisme,1
banken,1
verliezen,2
esther,1
ochtend,1
behandelplek,1
handig,1
teruggaan,1
eenheid,1
keten,4
infectieziekte,1
bron,1
fonds,3
speech,1
italiaans,3
doolhof,1
tv-toespraak,1
dwars,1
broeder,1
beursgenoteerd,1
bewijs,1
bevrijder,1
wiersum,6
pizza,1
simpel,1
boodschap,5
2018,2
heen,1
scheepsramp,1
gelderland,1
bewijzen,1
2050,1
europees,13
update,1
afkondigen,1
reageren,2
ontslag,1
plaatsen,2
leefomstandigheid,1
niet-officieel,1
hoogleraar,2
hierover,3
knoester,3
p.,4
sociaal-democraat,1
amsterdam-noord,1
oordelen,1
jan,2
melkveehouderij,1
gemeentebestuur,1
verantwoordelijkheid,1
zev,1
noodlocatie,1
een-,1
wethouder,1
leuk,3
doorvoeren,1
opnemen,9
familie,5
buitenwijk,1
bankroet,1
75.161,1
procedure,1
90/die,1
melden,6
aanvoeren,2
gisteren,14
oum,2
schelen,1
donkergroen-bruin,1
klas,1
aalt,1
leeg,2
taliban,4
zwart,1
vrouw,9
nieuwsbrief,1
los,1
wet,1
vast,2
adempauze,1
besmetten,7
zelfgemaakt,2
2021,2
leven,8
echt,9
klinische,2
rotterdam,3
kort,3
nos,3
zorgen,11
bom,1
volhouden,2
besten,3
obligatie,1
destijds,1
seksueel,1
verdrag,1
diegene,1
fase,6
woord,4
noodzaak,1
moordzaak,1
word,2
tegenaan,1
tv-programma,1
merknaam,1
samenwerking,1
cuomo,4
stoppen,2
lion,1
advies,5
limburg,1
opschorten,1
lijken,14
betreffen,4
bank-app,1
30,2
ggd-onderzoek,1
winningsplan,1
kinderopvanglocatie,1
450,1
20,1
matigen,1
kelder,1
borst,1
neef,1
vermoedelijk,1
schoonmaken,1
perron,1
griep,1
dreigen,1
stilstand,1
elf,1
28,1
jurist,2
mc,1
terughouden,1
bevorderen,1
gebruiker,2
netwerk,1
vervoer,1
uitlating,1
versoepelen,2
installeren,1
ambtgenoot,1
comfortabel,1
ti,3
afweging,1
signaal,1
één,3
praten,3
schep,1
goedemorgen,1
burgerrechtenorganisatie,1
amsterdams,3
raken,5
aantreffen,1
8000,1
grond,1
parlementariër,1
spreken,6
eindhoven,1
aankunnen,1
time,1
keurig,1
steun,3
maas,2
zara,2
collega,2
onderdeel,2
rijden,1
leed,1
ernstig,2
temidden,1
tip,2
eren,1
apps,2
spyshop-medewerker,1
behandeling,1
stikstofaanpak,3
2022,1
deelnemen,1
matig,2
stichting,2
wederopbouw,1
supermarkt,1
tekst,1
wonen,9
breiden,2
oud,13
80,1
afhankelijk,2
reid,1
maai,1
leerling,4
ouder,4
pak,3
leus,1
prachtig,1
trump,3
interactief,1
daardoor,4
essentieel,2
bestrijding,2
240.000,1
jean-marc,2
wachtrij,1
nader,1
olijfboomgaard,1
geleijns,2
a13,1
drama,1
reproductiegetal,4
gaswinningsplan,1
situatie,11
behoorlijk,1
merendeel,1
enorm,5
snel,7
aanval,1
ervaring,4
liggen,13
opbied,1
vader,1
aanschaf,1
bouwen,1
zeggen,63
statistiek,1
dienst,7
afstand,6
brussel,1
erkennen,3
klinisch,1
afgelasten,1
omschrijven,1
luizenscanner,1
macht,2
brazilië,1
aangaan,1
allerkwetsbaarst,1
binnenkomen,1
hangen,1
staken,1
persconferentie,1
burger,2
verwoesting,1
sterfgeval,2
betrokkenheid,3
niv,1
sms,1
inzetten,1
shag,1
abdelhamid,2
fiets,1
woning,5
aardbeving,1
stationshuiskamer,1
cijfer,11
ouderengeneeskunen,1
nadelig,2
leraar,1
rivm-directeur,1
verspreiding,2
fantastisch,1
5159,1
geval,4
belangrijk,6
kaart,6
huisarts,2
bewondering,1
wechat-groep,1
zin,1
umc,1
studeren,1
zus,1
beloven,1
plan,18
verovering,1
passen,2
stuiten,1
onwenselijk,1
test,1
vogelbescherming,1
open,6
bezwaar,1
herstel,1
artsenvereniging,1
locatie,1
dik,1
ongewild,1
waarheid,1
ontstaan,5
dagelijks,6
fout,2
eigenlijk,3
visualisatie,1
voorbeeld,1
vieren,1
nederlands,24
slachtoffer,2
jong,10
moskou,1
bezetten,2
vermaak,1
behandelen,5
geriater,1
leefwereld,1
waaronder,1
doelen,1
positief,5
logisch,2
vlakken,2
opsteken,1
connectie,1
wegvallen,1
klacht,1
telefoon,2
buurt,3
landbouwsector,1
maximaal,3
uitleggen,2
eu-land,3
hoeven,3
droog,1
aannemen,1
poging,2
tol,1
indrukwekkend,1
donatie,1
15,1
korst,1
winkelpand,1
huur,12
beademing,2
elleboog,1
moreno's,1
belastingafdracht,1
reeks,1
officieel,1
uitgangspunt,2
overijssel,2
vakantie,1
effect,6
zuid-korea,1
ravage,1
vertrouwelijk,1
heijer,1
twitteren,1
aanpak,2
kun,3
rivaal,1
bevolkingsfond,1
optrekken,1
quarantaine,3
omstandigheid,3
gevangenis,2
crimineel,1
voorstellen,3
juni,5
inlichtingendienst,1
ziektebeeld,1
tijd,20
europese,6
catharina,1
sterven,2
preventieakkoord,1
b's,1
dijkhuizen,1
vallen,5
trouwstoet,2
dichtbevolkt,1
utrecht,2
eerder,3
wending,1
sluiten,10
snaar,1
verlangen,1
heel,18
reis,1
herstellen,1
erop,2
tjeerd,2
inzet,2
realistisch,1
bolwerk,1
boer,6
2400,2
kinderombudsvrouw,1
garanderen,1
smartphones,1
laten,15
hunkemöller,2
central,1
zomer,3
gedelegeerd,1
onvermijdelijk,1
werk,8
investeerder,2
belrondje,1
waarna,1
voornemen,1
wagen,1
terugdringen,2
onbepaald,1
mishandeling,1
dalen,4
verhuurder,11
net,1
dicht,9
merk,1
toevoer,1
nieuws,4
serieus,3
vooropzetten,1
doosje,2
klimaatdoeel,1
letten,1
moment,12
dagblad,1
groenen,1
zeep,1
stadsgids,1
huurbetaling,2
mondkapje,1
parix,1
albert,1
duren,4
vrijdag,2
vuur,2
amerikanen,2
deelstaat,1
ic-afdeling,3
meebrengen,1
europarlementariër,1
dinsdag,1
noodhospitaal,1
doden,2
vergaand,1
voer,1
verafschuwen,1
sowieso,1
uitkering,2
besmetting,14
kwetsbaar,9
verhouding,1
kost,1
nederlanders,1
landbouwminister,1
kiezen,1
control,1
oplossen,1
ambassadegebouw,1
praktijk,1
unie,1
bits,1
huurmoord,1
oranje-nassau,1
een,1
eten,2
besmet,7
esm,1
langs,2
aandoening,1
acuut,1
voorstaan,1
kondo-stijl,1
vastleggen,1
geven,6
scoren,1
opleiden,1
haalbaar,1
t.,1
tolk,1
hotel,2
basis,4
huiswerk,2
probleem,10
intensive,7
"0,3",3
scholekster,1
zacht,1
grofweg,1
waarderen,1
bezwaarmaker,2
schuldencrisis,1
hieronder,1
politiek,3
uiteraard,1
nauwelijks,4
doos,2
vreemd,1
meest,1
mentaal,1
voorlopig,2
loon,2
nos-bevrijdingssite,1
massachusetts,1
belgisch,1
stand,1
hopelijk,1
doordat,2
vo-raad,1
rechter,3
hoogtepunt,1
partner,2
leggen,6
afnemen,3
dichtdoen,1
herinneren,1
smartphone,2
hulpbedrag,1
les,1
digitaal,3
nos-redactie,1
frustreren,1
cruciaal,3
zitting,3
hoop,3
proces,2
afwijken,1
knelpunt,1
amper,1
toestemming,1
bestaan,2
amsterdam,2
project,4
raas,4
sally,1
tal,1
groter,3
rekening,3
23,2
daaronder,1
onzeker,1
drie,6
internet,4
correspondent,7
website,3
cnv-bestuurder,1
basisschool,2
kracht,3
sibe,1
meivakantie,2
achterstand,1
prestatie,1
thuissituatie,1
actief,1
vernat,1
bedrag,1
gezicht,1
laat,5
naderhand,1
huidig,1
document,1
spotlights,1
compensatie,1
verblijf,1
kruis,1
gespannen,1
dienstregeling,1
vrijwel,1
nood,1
giërmo,1
gouverneur,2
journaal,2
verzwakken,1
accepteren,1
brug,1
crisis,10
egoïstisch,1
vijftig,2
ruim,4
afdwingen,1
gebouw,2
infectieziektenbestrijding,1
cultureel,2
verbieden,1
regenen,1
kader,1
deur,2
handeling,1
onderneming,4
wereldgezondheidorganisatie,1
akkoord,4
waarvoor,1
bevrijding,3
zes,2
uruguay,1
begrijpen,4
vuurwerk,1
gevangenisstraf,1
ervoor,2
collectief,5
vergelijken,2
frankfurter,1
zoektocht,1
terugverdienen,1
ontvangen,2
aandrang,1
landbouw,5
personeel,6
nederland,30
nabil,2
plus,1
noorden,2
pizzaket,1
investeren,2
europa,3
afwijzen,1
ambassade,1
geld,6
branden,1
persoon,4
pand,2
verdelen,2
manier,5
overplaatsen,1
jaarlijks,1
hoofdstad,6
eenmansbedrijf,1
raar,1
humor,6
relatief,1
alarm,1
onderling,1
7,1
veelal,1
google,2
verlenging,1
verhogen,2
verwachting,2
mogelijk,1
3i,1
politiechef,1
eind,7
stuk,3
harry's,1
museum,2
versturen,1
paul,1
voorplanting,1
reactie,3
vandaag,15
leidraad,5
plaats,1
spannend,3
klimaatwet,1
ontwikkeling,2
zekerheid,1
spelen,3
verleiden,1
bel.,1
regeringsfunctionaris,1
opzicht,5
rij,1
twee,17
refereren,1
gemeenschappelijk,1
oordeel,1
morgen,4
peiling,1
toerist,2
militant,1
huwelijk,1
mailadres,1
dode,6
verzamelen,2
gelukkig,1
city,1
spoed,1
afdeling,1
overleg,6
terugdraaien,1
vastgoedadvocaat,1
drenthe,2
nhg,2
delegatie,1
baseren,4
beurt,1
persbericht,1
nieuwegein,1
hopen,3
piek,3
nice,1
ontkennen,1
schuldenlast,1
twijfelen,1
religieus,1
uitbraak,6
organiseren,2
binnenstad,1
tegenstelling,1
wonder,1
verdenking,1
gemeenteraad,1
rustig,5
uithalen,1
irritatie,1
onderhandeling,2
superbesmetter,1
45.000,1
presentatie,1
scenario,4
nvkg,1
aanvullen,2
teugel,1
onderliggend,1
leiden,2
invulling,1
invoeren,4
timmermans,7
boerderij,5
verleden,1
misdaadorganisatie,1
12.000,1
graag,4
noord-limburgs,1
intensief,1
bruna,1
temperatuur,1
half,4
ademen,1
machtsgreep,1
zondag,2
singapore,2
pompeo,1
aanvankelijk,1
strip,1
thuiskomen,1
klimaatplann,2
succes,1
premier,10
lucht,3
debat,1
vluchteling,10
excuus,1
corona-patiënt,4
steken,2
boeking,1
doorzetten,1
verlopen,1
privacy-afweging,1
moreno,2
doordrukken,1
e-sigarett,1
arj,2
frits,1
sterk,2
snijden,1
onderzoeker,1
geraken,5
zodat,5
wíe,1
bijzonder,2
shaar,1
coalitie,1
lossen,2
spanning,3
staten,3
lopen,11
aprilgrap,2
sprankje,1
december,1
jako,1
bereiken,5
krijgen,25
markt,1
virusuitbraak,1
intensivecareafdeling,2
lastenverlichting,1
allgemeine,1
beloning,2
rop,1
spoor,1
marathon,1
instagram,1
dag,23
gegeven,2
justitie,2
blijven,29
verlies,1
annulering,1
aanhouden,7
gezondheidszorg,2
belang,2
aanslag,1
opdracht,3
datzelfde,1
vergelijkbaar,1
verbeteren,1
herkenbaar,1
mis,1
lid,4
voorzitter,5
lollig,1
83.000,1
verschijnen,3
vvd,1
verslechteren,1
derti,1
slapen,1
klein,8
waarschijnlijk,5
rome,1
online-lesprogramma,1
unfpa,1
boekhoorn,2
helft,2
blokkeren,1
391,1
recht,3
taal,1
95.000,1
ct-scan,1
raad,6
creëren,1
ongerust,1
teruglopen,1
trekpleister,1
bemiddelen,1
ns,2
aankoop,3
inboeten,1
trend,3
brock,1
verlichten,1
invoer,1
gevolg,5
sigarettenpakje,1
verhaal,7
75.795,1
middel,6
elkaars,1
rest,5
post,1
bezoeker,1
advocaat,5
zakelijk,1
sociaal,1
berekenen,1
straf,1
750,1
dankbaarheid,1
top,1
vraag,3
opvangen,1
kwestie,1
rosendaal,3
mooi,1
zover,1
aantocht,1
methode,1
amerikaans,5
accijns,1
aantrekken,1
zwaarwegend,1
verkeerd,1
soms,5
wapen,1
uitdaging,2
planning,1
varen,1
piet,1
opheffen,1
kamerleden,2
gebeuren,8
tuinbouworganisatie,1
wiebes,1
software,1
berlijn,8
zeitung,1
hulp,5
weidevogel,5
syrisch,3
ontwikkelen,1
kwalitatief,1
britten,1
viertal,1
ingewikkeld,2
schuldenberg,1
200,2
nvic-voorzittter,1
57,1
island-reis,1
raadplegen,1
onzichtbaar,1
alweer,1
eerlijk,1
italië,7
cultuur,1
waarschuwen,1
mens,55
riskeren,1
nadruk,1
anoniem,1
discussie,1
deel,10
gebruiken,6
rapport,2
leverancier,2
video,3
rechtszaal,1
700,2
ondernemer,2
onderhandelen,1
zoutberg,2
kruidvat,1
m'n,1
normaal,9
cda,2
betekenen,9
ic-zorg,1
trekken,5
hulsbeek,1
isoleren,2
zorgmedewerker,1
opluchting,1
rosenmöller,2
veiligheidsoverweging,1
app.,1
prijs,2
afspreken,1
cnn,1
thuisbehandeling,1
regeringsleider,1
rookplek,1
gift,4
whiplash,1
euroland,1
onderneemster,1
gebruik,2
anticonceptie,3
levin,4
kiosk,1
uitkomst,1
bezoek,3
ernst,2
duitsland,5
conclusie,2
langskomen,1
oorzaak,1
voorstel,3
coronaviru,18
stil,4
formeel,1
vogel,1
duidelijk,6
amendering,1
dier,1
zorgverlener,1
blazen,1
hoekstra,4
vertellen,15
dettol,1
eurocommissaris,1
draaglijk,1
krankzinnig,1
oktober,1
rondleiding,1
ako,1
weiland,2
raam,3
directeur,3
uitstellen,2
mei-periode,1
insect,1
nummer,3
zon,1
zorg,12
binnenkort,2
500,1
noodtoestand,1
volledig,3
terechtkomen,1
volop,1
ontzien,1
afkomstig,1
achterlop,1
graad,1
vorderen,1
wim,1
meedenken,1
kosten,2
voelen,7
namelijk,3
beroep,1
verstaan,1
ridouan,2
10,5
keren,1
action,1
aansluiten,2
doen,10
oxfam-medewerker,1
co.,1
natuurlijk,6
hema-topman,2
niks,3
gouden,2
bastiaan,1
coronabesmetting,5
verpleegkundige,1
dusver,1
commandeur,1
federaal,3
telkens,1
financieel,7
rekken,1
genieten,1
biograaf,1
wereldoorlog,1
uitgaaf,1
50,2
apart,1
misdrijf,1
politicus,2
dolle,1
bed,8
hard,6
vrijwillig,2
klimaatneutraal,1
doorbetalen,1
boos,2
vastned,1
snappen,1
hamsteren,2
verwachten,3
binnenblijven,1
2013,1
leuven,1
onderzoeken,3
zogeheten,3
verschillen,2
opzetten,1
begeleiding,1
redden,4
welzijn,1
excuusbrief,1
om-woordvoerder,1
kind,14
daarover,2
ageren,1
1173,1
daling,1
noord-brabant,3
drijven,1
beperken,1
hulporganisaties,1
bestellen,1
ic-verpleegkundige,1
heffen,2
veertig,3
wijzen,2
verblijfplaats,1
tonen,1
mishandelen,2
verluiden,1
langzamerhand,1
online,6
pasen,1
banktransactie,1
rutte,10
uiterst,2
onregelmatig,1
hersenschudding,1
gedachte,3
fotomateriaal,1
beschermingsmiddelen,1
ic-bedd,3
ondersteunen,1
bonus,1
dader,1
supergelukkig,1
tienduizend,1
serie,1
aangeven,2
onveranderd,1
universitair,2
stel,1
overmaken,1
weersverwachting,1
geldig,1
opschal,1
uitrazen,1
sjoerd,1
controle,4
huurbaz,1
val,1
spanje,7
2019,1
aankondigen,2
mortuarium,1
vluchten,2
saskia,1
grondrecht,1
begaan,1
uitwisseling,1
opkopen,2
zaak,5
bezoeken,2
technisch,1
verandering,1
schoolgids,1
bedoelen,5
initiatief,3
rapporteren,2
reproductiecijfer,1
artikel,2
storm,1
fors,3
hoeveel,5
grap,9
verdwijnen,2
verzoek,4
grapperhaus,3
corona-uitbraak,1
lijn,1
westzeedijk,1
anouar,1
coronamaatregeel,1
hollen,1
tegenover,1
tiental,1
sterfte,1
marc,1
opstellen,2
schoon,1
omzet,1
grutto,1
plotseling,2
hervatten,1
gommer,4
testen,11
cowboygedrag,1
toeteren,1
schone,1
keukengerei,1
kamp,10
tabak,1
platteland,1
hema-winkelpand,1
bovenop,2
april,4
online-aanvraagformulier,1
verwarren,1
oplopen,3
minister,15
worden,1
geriatrie,2
intensivecarebeden,2
geloofsgemeenschap,1
brajneh,1
doodsbang,1
weekend,1
verlaten,2
rol,2
plek,7
zaterdag,1
bereid,2
conte,2
erin,1
achterhalen,2
onenigheid,1
sigaar,1
politie,8
goed,38
moeilijk,6
rookvrij,1
stromen,1
combineren,1
ronald,1
voorzichtig,1
nieuwsuur,2
abikhalil,3
jank,1
vreugdevol,1
bart,1
ruimen,1
uitkomen,1
solidair,1
covid-besmetting,1
aanleveren,1
strook,1
tafel,1
coronafond,3
herdenking,1
café,1
president,7
lam,1
derde,2
ittersum,3
dagkoers,1
stikstofregel,1
aap,1
continu,1
ziekte,1
zowel,1
schrijfster,1
oorlogsmaand,1
gedegen,1
slot,2
lang,6
overwegen,1
bewoner,2
bijdrage,2
ratib,3
voorzorgsmaatregel,1
desnoods,2
voeren,1
opgeven,1
aanhanger,1
ic-capaciteit,1
eenzijdig,2
kleur,1
gaan,64
134,1
wc,1
palestijns,2
jeugdzorg,1
logistiek,3
start,2
depressie,1
zieken,1
gronings,1
gebruikelijk,1
motorclub,2
opsporen,1
zuid-holland,1
job,1
optimisme,1
richten,3
meter,1
check,1
ronde,1
nieuw,22
reisbureau,1
pot,1
coronagrap,1
terug,8
pari,3
contract,1
rondgaan,2
lotte,1
noodfonds,3
npo,1
zeeland,1
winkel,10
ijsselmeer,1
schouten,1
haag,3
epidemie,1
wegnemen,1
vergoeding,1
bezig,3
noemen,9
eenvoudig,1
vermoeden,1
vastzitt,2
aandacht,4
links,2
celstraf,1
via,5
aanmerkelijk,1
verspreiden,1
staatslening,1
irriteren,1
gendergelijkheid,1
presenteren,2
no-go,1
opzijleggen,1
83.712,1
onbeschrijfelijk,1
doorgaan,1
fundamenteel,1
compleet,1
medemaker,1
zogenoemd,3
uitzondering,1
corona,8
honderd,5
euro-,1
zolang,1
hulpmiddel,2
nergens,2
dissel,10
uitmonden,1
bewak,1
onmiddellijk,1
inhoudelijk,2
blogger,1
proberen,9
indonesië,1
noodafdeling,1
interfamiliair,1
paleis,1
viroloog,1
vriendschap,1
hevig,1
empathisch,2
daarmee,7
parfumerie,2
voedselpakket,1
ploeg,1
strafrechtelijk,1
ondersteuning,1
onderwijs,2
duizend,4
honderdduizend,1
blij,1
internist,1
betalingstermijn,1
kinderzending,1
verklaren,1
herhalen,1
berlijns,1
schooljaar,1
noodhulp,1
wartaal,1
toebedelen,1
buitenlandse,1
pvv,1
verdubbelen,1
5,2
iedereen,14
vanmiddag,1
ontsnapping,1
organisatie,5
kennen,6
sector,4
treffen,6
landelijk,6
stikstofconcentratie,1
controleren,2
twijfel,1
begrijpelijk,1
cent,2
seks,3
achtti,1
eraan,3
investeringsmaatschappij,1
paar,3
zo'n,17
bruines,3
quarantainemaatregel,1
keer,2
16,2
vluchtelingenkamp,2
schrijven,7
overleggen,1
waarbij,5
loop,2
ver,2
vliegtuig,1
doelgericht,1
nodig,11
verpleegafdeling,1
18,1
bedenken,3
druk,7
misbruik,1
sorteren,1
opzijzetten,1
opleveren,1
oog,4
boek,1
ver.,2
charles,1
brabants,1
openlijk,1
jaap,3
b.'s,1
marktverkenning,1
internetverbinding,1
winkelstraat,2
1-aprilgrapp,1
inkomen,1
wolkenveld,1
27,1
bakker,3
1,14
wereldgezondheidsorganisatie,1
afhandelen,1
belasting,1
straat,2
vragen,5
gemeente,7
minuut,1
buitenwereld,1
veroordelen,1
toenadering,1
naarmate,1
stroperig,1
neerzitt,1
hoax,1
woordvoerder,7
temptation,1
topman,1
strakgeleid,1
slim,1
laboratorium,1
zuid-europees,2
overbrengen,1
levensverwachting,1
maandag,2
schoolplein,1
lange,1
distancing,1
bedoeling,2
introductie,1
individueel,1
berekening,1
opeens,1
tweede,11
finland,1
2017,3
gang,1
terugzoeken,1
water,3
gezin,3
abortus,1
ethiek,1
houding,3
roken,1
stranden,1
rookwaren,1
veroorzaken,3
voortbestaan,3
overleven,1
partij,3
dé,1
sorry,1
afname,2
arnhem,1
waarin,5
oorlog,2
bekopen,1
chris,1
vangen,3
overheidsgebouw,1
surinaams,1
ontsnappen,1
coronabrandhaard,1
komst,1
inwoner,3
januari,2
libanon,6
vrezen,3
betalen,8
obstakel,1
rand,2
hema,7
incident,1
legerleiding,1
ingaan,1
individu,1
medicijn,1
pakken,1
allerlei,4
schooltijd,1
stress,1
toekennen,1
zoeken,2
lelystad,1
beginnen,4
24,3
afbouwen,1
natuur,1
stilstaan,1
vrij,1
arts-microbioloog,1
aandeel,1
letterlijk,1
kritiek,7
genootschap,2
geleidelijk,2
nsb-gezinn,1
wirtschaftswunder,1
schermen,1
klimaat,1
reëel,1
aanraking,1
meghan,3
reiziger,1
percentage,1
enigszins,1
steunmaatregel,1
kwaliteit,1
storting,1
voortduren,1
privacyregel,1
regeringswoordvoerder,1
ici,4
verkeer,2
11,1
dubbel,1
basketballen,1
omgeving,2
amerika,3
verlenen,1
special,1
stap,1
betwisten,1
koopmans,2
doodslag,1
militair,1
ic-bed,1
zuid-europa,2
moord,4
neer,1
nabestaande,3
groningen,1
vastlopen,1
h&m,1
telegraaf,1
doodschieten,3
klant,1
wakker,1
wijk,2
linke,1
millimeter,2
veilig,2
prijzen,1
medisch,5
coördinatiecentrum,1
ziekenhuis,19
2030,3
toespraak,1
kremers,1
paolo,1
veiligheid,2
heus,1
verwijderen,2
meehelpen,1
baan,1
toetakelen,1
cartoonist,1
diederik,2
gaarkeukens,1
marktpartij,4
buurtcomité,1
aanpassing,1
miljardair,1
100.000,5
eromhe,1
onduidelijk,1
aanvraag,1
fysiek,1
ambtenaar,1
new,7
volgapparatuur,1
willen,11
onmogelijk,3
hand,10
avontuurlijk,1
opname,3
stilleggen,1
1900,3
school,6
delen,2
vuurwerkaanslag,1
tijdelijk,2
hof,1
succesvol,1
juridisch,7
muur,2
verlengen,1
tevreden,1
beslissing,3
plakken,1
afghanistan,3
blijken,7
orde,2
12,2
coronapatient,1
lening,1
degelijk,2
lingerieketen,1
rotterdam-zuid,1
uitnodigen,1
naties,2
ic,15
verwerpen,1
jumbo,1
kunstenplan,2
ineens,4
gemiddeld,10
been,2
gezondheid,2
periode,4
coronahoester,1
veiligheidsregio,1
illegaal,1
bedanken,1
rode,1
huurkorting,1
rammelen,1
blijk,1
west,1
carola,1
caloh,2
uitbreiden,3
horen,5
werken,14
bijzaak,1
vlak,1
vorig,13
thuiszitten,1
"246,4",1
gevaar,3
verenigde,4
positie,1
potten-en-pannenprotest,1
restaurant,1
gistermorgen,1
regelen,2
213,1
verbod,1
huiverig,1
nabijheid,1
maand,5
car,4
vrucht,1
specialist,3
emma,4
lockdown,3
verzachten,2
preneel,2
tram,1
gasveld,1
tablet,1
hulporganisatie,1
kinderboerderij,1
voet,1
studiezalen,1
zijn,1
lanceren,1
aanscherpen,1
pandemie,1
terugkeer,1
kans,5
vlucht,4
komen,56
bluetooth,1
vastzit,1
feit,1
levensfase,1
operatie,1
volger,1
kabul,1
paperassen,1
ermee,1
uitzenden,1
derk,3
naam,1
bevestiging,1
beperking,2
corona-ellende,1
werkloos,1
hoog,9
volgen,10
zetten,6
covid-19,2
mededeling,2
lcps,1
kopen,2
rokers,1
brabant,6
verbreding,1
spel,1
beademingsbui,1
stabiliseren,2
gezamenlijk,1
inwillig,1
9500,1
japans,1
8,1
roker,1
